[{"model": "sessions.session", "pk": "lfizfohzr93iin02qzhmxugym9mif5s7", "fields": {"session_data": ".eJxVjMsOwiAQRf-FtSFQ3i7d-w0EZhipGkhKuzL-uzbpQrf3nHNfLKZtrXEbZYkzsjOT7PS75QSP0naA99RunUNv6zJnviv8oINfO5bn5XD_Dmoa9VuTEj4QOUFmsiELT-DzBMYoBZikJhLWUYEiIVmwHhViUFo7AOGyD-z9AfQ_OHc:1mDBjS:6yaalseOKMG3Fzzg6MbdBjj214Oyulh_GCrhHkuyTAY", "expire_date": "2021-08-23T23:18:46.075"}}, {"model": "sessions.session", "pk": "ltiefuqp3o2tjglf8286neb8w5mzxem3", "fields": {"session_data": ".eJxVjMsOwiAQRf-FtSFQ3i7d-w0EZhipGkhKuzL-uzbpQrf3nHNfLKZtrXEbZYkzsjOT7PS75QSP0naA99RunUNv6zJnviv8oINfO5bn5XD_Dmoa9VuTEj4QOUFmsiELT-DzBMYoBZikJhLWUYEiIVmwHhViUFo7AOGyD-z9AfQ_OHc:1mRFSA:4tCRphIbrSdMoGKhwGFu1OP3FlvVy4D-e_qE0HevKS8", "expire_date": "2021-10-01T18:07:02.612"}}, {"model": "mainapp.productcategory", "pk": 1, "fields": {"name": "Стулья", "description": "", "created": "2021-07-14T20:48:34.970", "updated": "2021-07-14T20:48:34.970", "is_deleted": false}}, {"model": "mainapp.productcategory", "pk": 2, "fields": {"name": "Столы", "description": "", "created": "2021-07-14T20:48:43.462", "updated": "2021-07-14T20:48:43.462", "is_deleted": false}}, {"model": "mainapp.productcategory", "pk": 3, "fields": {"name": "Диваны", "description": "", "created": "2021-07-14T20:48:50.651", "updated": "2021-07-14T20:48:50.651", "is_deleted": false}}, {"model": "mainapp.productcategory", "pk": 4, "fields": {"name": "Часы", "description": "", "created": "2021-07-14T20:48:56.514", "updated": "2021-07-14T20:48:56.514", "is_deleted": false}}, {"model": "mainapp.productcategory", "pk": 5, "fields": {"name": "Кресло", "description": "Кресло (описание)", "created": "2021-07-19T20:10:00.292", "updated": "2021-07-19T20:10:00.292", "is_deleted": false}}, {"model": "mainapp.product", "pk": 5, "fields": {"category": 1, "name": "Красный стул", "image": "product_images/product-4.jpg", "short_desc": "краткое описание (красный стул)", "description": "описание (красный стул)", "price": "4500.00", "quantity": 135, "created": "2021-07-19T20:08:48.189", "updated": "2021-09-17T18:08:14.787", "is_deleted": true}}, {"model": "mainapp.product", "pk": 6, "fields": {"category": 3, "name": "Диван", "image": "product_images/product-3-sm.jpg", "short_desc": "краткое описание (Диван)", "description": "описание (Диван) \r\nНуОчень!", "price": "20000.00", "quantity": 58, "created": "2021-07-19T20:09:40.455", "updated": "2021-08-09T23:59:36.309", "is_deleted": false}}, {"model": "mainapp.product", "pk": 7, "fields": {"category": 5, "name": "Кресло", "image": "product_images/product-21.jpg", "short_desc": "краткое описание (Кресло)", "description": "описание (кресло)", "price": "11000.00", "quantity": 132, "created": "2021-07-19T20:10:31.686", "updated": "2021-09-18T11:39:43.683", "is_deleted": false}}, {"model": "mainapp.product", "pk": 8, "fields": {"category": 4, "name": "Часы", "image": "product_images/product-4-sm.jpg", "short_desc": "краткое описание (Часы)", "description": "описание (Часы)", "price": "2500.00", "quantity": 145, "created": "2021-07-19T20:11:00.631", "updated": "2021-09-18T11:25:26.521", "is_deleted": false}}, {"model": "mainapp.product", "pk": 9, "fields": {"category": 3, "name": "Удалить Диван", "image": "product_images/product-3-sm_UZZVv6w.jpg", "short_desc": "удалить", "description": "удалить", "price": "16000.00", "quantity": 1, "created": "2021-07-19T22:19:58.692", "updated": "2021-07-19T22:20:20.150", "is_deleted": true}}, {"model": "mainapp.product", "pk": 10, "fields": {"category": 3, "name": "Диван без картинки", "image": "", "short_desc": "Диван без картинки", "description": "Без картинки", "price": "8900.00", "quantity": 52, "created": "2021-07-19T23:45:35.724", "updated": "2021-07-19T23:45:35.724", "is_deleted": false}}, {"model": "mainapp.product", "pk": 11, "fields": {"category": 3, "name": "SVENSTA", "image": "product_images/product-3-sm_gP4mGq6.jpg", "short_desc": "Диван-кровать", "description": "Это лучшее место на котором вы будете сидеть и спать!", "price": "4999.00", "quantity": 52, "created": "2021-07-24T16:45:05.788", "updated": "2021-08-10T00:08:09.872", "is_deleted": false}}, {"model": "basketapp.basket", "pk": 11, "fields": {"user": 1, "product": 7, "quantity": 5, "add_datetime": "2021-09-17T17:09:22.955", "is_deleted": false}}, {"model": "basketapp.basket", "pk": 13, "fields": {"user": 1, "product": 8, "quantity": 2, "add_datetime": "2021-09-18T11:25:23.923", "is_deleted": false}}, {"model": "ordersapp.order", "pk": 1, "fields": {"user": 1, "created": "2021-08-02T23:08:12.704", "update": "2021-08-02T23:30:45.500", "status": "FM", "is_active": false}}, {"model": "ordersapp.order", "pk": 2, "fields": {"user": 8, "created": "2021-08-02T23:31:07.745", "update": "2021-08-02T23:31:14.126", "status": "FM", "is_active": false}}, {"model": "ordersapp.order", "pk": 3, "fields": {"user": 8, "created": "2021-08-02T23:42:25.885", "update": "2021-08-02T23:43:19.766", "status": "FM", "is_active": true}}, {"model": "ordersapp.order", "pk": 4, "fields": {"user": 8, "created": "2021-08-05T21:02:19.274", "update": "2021-08-05T21:02:24.888", "status": "FM", "is_active": true}}, {"model": "ordersapp.order", "pk": 5, "fields": {"user": 8, "created": "2021-08-05T21:03:05.465", "update": "2021-08-05T21:03:08.770", "status": "FM", "is_active": false}}, {"model": "ordersapp.order", "pk": 6, "fields": {"user": 8, "created": "2021-08-05T21:03:17.548", "update": "2021-08-05T21:03:18.104", "status": "FM", "is_active": true}}, {"model": "ordersapp.order", "pk": 7, "fields": {"user": 1, "created": "2021-08-06T00:11:31.370", "update": "2021-08-09T23:51:37.287", "status": "FM", "is_active": false}}, {"model": "ordersapp.order", "pk": 8, "fields": {"user": 1, "created": "2021-08-06T00:11:35.623", "update": "2021-08-06T00:11:35.795", "status": "FM", "is_active": false}}, {"model": "ordersapp.order", "pk": 9, "fields": {"user": 1, "created": "2021-08-06T00:11:41.423", "update": "2021-08-09T23:54:03.032", "status": "FM", "is_active": false}}, {"model": "ordersapp.order", "pk": 10, "fields": {"user": 1, "created": "2021-08-06T00:14:36.845", "update": "2021-08-09T23:54:06.258", "status": "FM", "is_active": false}}, {"model": "ordersapp.order", "pk": 11, "fields": {"user": 1, "created": "2021-08-06T00:18:51.091", "update": "2021-08-09T23:59:30.151", "status": "FM", "is_active": false}}, {"model": "ordersapp.order", "pk": 12, "fields": {"user": 1, "created": "2021-08-06T00:21:57.286", "update": "2021-08-09T23:59:34.160", "status": "FM", "is_active": false}}, {"model": "ordersapp.order", "pk": 13, "fields": {"user": 1, "created": "2021-08-09T23:51:30.672", "update": "2021-08-09T23:51:30.912", "status": "FM", "is_active": false}}, {"model": "ordersapp.order", "pk": 14, "fields": {"user": 1, "created": "2021-08-09T23:53:25.205", "update": "2021-08-09T23:59:36.485", "status": "FM", "is_active": false}}, {"model": "ordersapp.order", "pk": 15, "fields": {"user": 1, "created": "2021-08-09T23:55:01.758", "update": "2021-08-09T23:55:02.096", "status": "FM", "is_active": false}}, {"model": "ordersapp.order", "pk": 16, "fields": {"user": 1, "created": "2021-08-09T23:59:44.714", "update": "2021-08-09T23:59:48.454", "status": "STP", "is_active": true}}, {"model": "ordersapp.order", "pk": 17, "fields": {"user": 1, "created": "2021-08-10T00:03:17.476", "update": "2021-08-10T00:03:17.690", "status": "FM", "is_active": false}}, {"model": "ordersapp.order", "pk": 18, "fields": {"user": 1, "created": "2021-08-10T00:03:51.844", "update": "2021-08-10T00:03:52.056", "status": "FM", "is_active": false}}, {"model": "ordersapp.order", "pk": 19, "fields": {"user": 1, "created": "2021-08-10T00:04:45.685", "update": "2021-08-10T00:05:21.201", "status": "FM", "is_active": false}}, {"model": "ordersapp.order", "pk": 20, "fields": {"user": 1, "created": "2021-08-10T00:07:55.813", "update": "2021-08-10T00:07:56.006", "status": "FM", "is_active": true}}, {"model": "ordersapp.order", "pk": 21, "fields": {"user": 1, "created": "2021-08-10T00:08:09.866", "update": "2021-08-10T00:08:10.022", "status": "FM", "is_active": true}}, {"model": "ordersapp.orderitem", "pk": 1, "fields": {"order": 1, "product": 11, "quantity": 1}}, {"model": "ordersapp.orderitem", "pk": 2, "fields": {"order": 2, "product": 11, "quantity": 6}}, {"model": "ordersapp.orderitem", "pk": 3, "fields": {"order": 3, "product": 5, "quantity": 3}}, {"model": "ordersapp.orderitem", "pk": 4, "fields": {"order": 3, "product": 6, "quantity": 2}}, {"model": "ordersapp.orderitem", "pk": 5, "fields": {"order": 4, "product": 7, "quantity": 2}}, {"model": "ordersapp.orderitem", "pk": 6, "fields": {"order": 5, "product": 6, "quantity": 0}}, {"model": "ordersapp.orderitem", "pk": 7, "fields": {"order": 6, "product": 7, "quantity": 1}}, {"model": "ordersapp.orderitem", "pk": 8, "fields": {"order": 7, "product": 6, "quantity": 3}}, {"model": "ordersapp.orderitem", "pk": 9, "fields": {"order": 9, "product": 6, "quantity": 1}}, {"model": "ordersapp.orderitem", "pk": 10, "fields": {"order": 10, "product": 6, "quantity": 2}}, {"model": "ordersapp.orderitem", "pk": 11, "fields": {"order": 11, "product": 6, "quantity": 1}}, {"model": "ordersapp.orderitem", "pk": 12, "fields": {"order": 12, "product": 6, "quantity": 1}}, {"model": "ordersapp.orderitem", "pk": 13, "fields": {"order": 12, "product": 6, "quantity": 3}}, {"model": "ordersapp.orderitem", "pk": 14, "fields": {"order": 12, "product": 11, "quantity": 2}}, {"model": "ordersapp.orderitem", "pk": 15, "fields": {"order": 14, "product": 6, "quantity": 1}}, {"model": "ordersapp.orderitem", "pk": 16, "fields": {"order": 14, "product": 11, "quantity": 3}}, {"model": "ordersapp.orderitem", "pk": 17, "fields": {"order": 15, "product": 11, "quantity": 0}}, {"model": "ordersapp.orderitem", "pk": 18, "fields": {"order": 16, "product": 11, "quantity": 1}}, {"model": "ordersapp.orderitem", "pk": 19, "fields": {"order": 19, "product": 11, "quantity": 1}}, {"model": "ordersapp.orderitem", "pk": 20, "fields": {"order": 20, "product": 11, "quantity": 2}}, {"model": "ordersapp.orderitem", "pk": 21, "fields": {"order": 21, "product": 8, "quantity": 3}}, {"model": "ordersapp.orderitem", "pk": 22, "fields": {"order": 21, "product": 11, "quantity": 1}}, {"model": "social_django.usersocialauth", "pk": 2, "fields": {"user": 8, "provider": "vk-oauth2", "uid": "47778117", "extra_data": "{\"auth_time\": 1627936256, \"id\": 47778117, \"expires\": 86399, \"access_token\": \"858cdffec585a14f120ef69f10f1cdf599619eee8070cd3cb55f02f69ef30aa1818087eb42c978d75961f\", \"token_type\": null}", "created": "2021-07-29T19:40:47.330", "modified": "2021-08-02T23:30:56.488"}}]